Id,nombre,id_area,tipo_formación,id_nivel
1,ACUICULTURA,2,Tercer Nivel,2
2,ADMINISTRACIÓN,1,Tercer Nivel,2
3,ADMINISTRACIÓN AGRÍCOLA Y COMERCIALIZACIÓN DE PRODUCTOS PRIMARIOS,1,Tercer Nivel,2
4,ADMINISTRACIÓN AMBIENTAL,1,Tercer Nivel,2
5,ADMINISTRACIÓN DE ALIMENTOS Y BEBIDAS,1,Tercer Nivel,2
6,ADMINISTRACIÓN DE BOTICAS Y FARMACIAS,1,Tercer Nivel,2
7,ADMINISTRACIÓN DE EMPRESAS,1,Tercer Nivel,2
8,ADMINISTRACIÓN DE EMPRESAS AGROPECUARIAS,1,Tercer Nivel,2
9,ADMINISTRACIÓN DE EMPRESAS COMERCIALIZADORAS DE TURISMO,9,Tercer Nivel,2
10,ADMINISTRACIÓN DE EMPRESAS DE SERVICIO Y RECURSOS HUMANOS,1,Tercer Nivel,2
11,ADMINISTRACIÓN DE EMPRESAS ÉNFASIS ADMINISTRACIÓN DE RECURSOS HUMANOS,1,Tercer Nivel,2
12,ADMINISTRACIÓN DE EMPRESAS ÉNFASIS ADMINISTRACIÓN DE VENTAS,1,Tercer Nivel,2
13,ADMINISTRACIÓN DE EMPRESAS ÉNFASIS GESTIÓN EMPRESARIAL,1,Tercer Nivel,2
14,ADMINISTRACIÓN DE EMPRESAS ÉNFASIS GESTIÓN FINANCIERA,1,Tercer Nivel,2
15,ADMINISTRACIÓN DE EMPRESAS ÉNFASIS MARKETING,1,Tercer Nivel,2
16,ADMINISTRACIÓN DE EMPRESAS ÉNFASIS NEGOCIOS INTERNACIONALES,1,Tercer Nivel,2
17,ADMINISTRACIÓN DE EMPRESAS HOTELERAS,1,Tercer Nivel,2
18,ADMINISTRACIÓN DE EMPRESAS TURÍSTICAS,1,Tercer Nivel,2
19,ADMINISTRACIÓN DE EMPRESAS TURÍSTICAS E INDUSTRIAS DE LA RECREACIÓN,1,Tercer Nivel,2
20,ADMINISTRACIÓN DE EMPRESAS TURÍSTICAS Y CONSERVACIÓN AMBIENTAL,1,Tercer Nivel,2
21,ADMINISTRACIÓN DE EMPRESAS TURÍSTICAS Y HOTELERAS,1,Tercer Nivel,2
22,ADMINISTRACIÓN DE EMPRESAS TURÍSTICAS Y HOTELERAS BILINGÜE,1,Tercer Nivel,2
23,ADMINISTRACIÓN DE EMPRESAS Y NEGOCIOS,1,Tercer Nivel,2
24,ADMINISTRACIÓN DE HOTELERÍA Y TURISMO,1,Tercer Nivel,2
25,ADMINISTRACIÓN DE TRANSPORTE MARÍTIMO Y PORTUARIO,1,Tercer Nivel,2
26,ADMINISTRACIÓN DE VENTAS,1,Tercer Nivel,2
27,ADMINISTRACIÓN DEL TALENTO HUMANO,1,Tercer Nivel,2
28,ADMINISTRACIÓN EN BANCA Y FINANZAS,1,Tercer Nivel,2
29,ADMINISTRACIÓN EN GESTIÓN PUBLICA,1,Tercer Nivel,2
30,ADMINISTRACIÓN FINANCIERA,1,Tercer Nivel,2
31,ADMINISTRACIÓN HOTELERA,1,Tercer Nivel,2
32,ADMINISTRACIÓN HOTELERA Y TURÍSTICA,1,Tercer Nivel,2
33,ADMINISTRACIÓN PARA DESASTRES Y GESTIÓN DEL RIESGO,1,Tercer Nivel,2
34,ADMINISTRACIÓN PORTUARIA Y ADUANERA,9,Tercer Nivel,2
35,ADMINISTRACIÓN PUBLICA,1,Tercer Nivel,2
36,ADMINISTRACIÓN TURÍSTICA,1,Tercer Nivel,2
37,ADMINISTRACIÓN TURÍSTICA Y HOTELERA,1,Tercer Nivel,2
38,ADMINISTRACIÓN Y DESARROLLO PORTUARIO,1,Tercer Nivel,2
39,ADMINISTRACIÓN Y DIRECCIÓN DE EMPRESAS TURÍSTICAS,1,Tercer Nivel,2
40,ADMINISTRACIÓN Y GESTIÓN TECNOLÓGICA DE PEQUEÑAS Y MEDIANAS EMPRESAS (PYMES),1,Tercer Nivel,2
41,ADMINISTRACIÓN Y PLANIFICACIÓN DE PROYECTOS INFORMÁTICOS,1,Tercer Nivel,2
42,ADMINISTRACIÓN Y PLANIFICACIÓN EN EL CUIDADO DE LA SALUD,1,Tercer Nivel,2
43,ADMINISTRACIÓN Y PRODUCCIÓN AGROPECUARIA,1,Tercer Nivel,2
44,AGROINDUSTRIA,7,Tercer Nivel,2
45,AGRONEGOCIOS,1,Tercer Nivel,2
46,AGRONOMÍA,2,Tercer Nivel,2
47,AGROPECUARIA,2,Tercer Nivel,2
48,ALIMENTOS,7,Tercer Nivel,2
49,ANIMACIÓN DIGITAL,3,Tercer Nivel,2
50,ANTROPOLOGÍA,5,Tercer Nivel,2
51,ANTROPOLOGÍA APLICADA,5,Tercer Nivel,2
52,ANTROPOLOGÍA CON MENCIÓN EN ANTROPOLOGÍA SOCIOCULTURAL,5,Tercer Nivel,2
53,ANTROPOLOGÍA CON MENCIÓN EN ARQUEOLOGÍA,5,Tercer Nivel,2
54,ARQUEOLOGÍA,3,Tercer Nivel,2
55,ARQUITECTURA,7,Tercer Nivel,2
56,ARQUITECTURA INTERIOR,7,Tercer Nivel,2
57,ARTES CULINARIAS,3,Tercer Nivel,2
58,ARTES LIBERALES,5,Tercer Nivel,2
59,ARTES MUSICALES,3,Tercer Nivel,2
60,ARTES PLASTICAS,3,Tercer Nivel,2
61,ARTES PLASTICAS Y DISEÑO,3,Tercer Nivel,2
62,ARTES VISUALES,3,Tercer Nivel,2
63,ASISTENCIA GERENCIAL Y RELACIONES PUBLICAS,1,Tercer Nivel,2
64,ATENCIÓN PREHOSPITALARIA Y EN EMERGENCIAS,8,Tercer Nivel,2
65,AUDITORIA Y CONTABILIDAD,1,Tercer Nivel,2
66,AUDITORÍA Y CONTROL DE GESTIÓN,1,Tercer Nivel,2
67,BANCA Y FINANZAS,1,Tercer Nivel,2
68,BIBLIOTECOLOGÍA,5,Tercer Nivel,2
69,BIBLIOTECOLOGÍA DOCUMENTOLOGÍA Y ARCHIVOLOGÍA,5,Tercer Nivel,2
70,BIBLIOTECOLOGÍA Y ARCHIVOLOGÍA,5,Tercer Nivel,2
71,BIBLIOTECOLOGÍA  DOCUMENTACIÓN Y ARCHIVO,5,Tercer Nivel,2
72,BIODIVERSIDAD Y RECURSOS GENÉTICOS,4,Tercer Nivel,2
73,BIOFARMACIA,8,Tercer Nivel,2
74,BIOLOGÍA,4,Tercer Nivel,2
75,BIOLOGÍA ECOLOGÍA Y GESTIÓN,4,Tercer Nivel,2
76,BIOLOGÍA MARINA,4,Tercer Nivel,2
77,BIOMEDICINA,4,Tercer Nivel,2
78,BIOQUÍMICA CLÍNICA,8,Tercer Nivel,2
79,BIOQUÍMICA EN ACTIVIDADES PESQUERAS,7,Tercer Nivel,2
80,BIOQUÍMICA Y FARMACIA,8,Tercer Nivel,2
81,BIOTECNOLOGÍA,4,Tercer Nivel,2
82,CHEFS,9,Tercer Nivel,2
83,CIENCIAS ADMINISTRATIVAS Y CONTABLES CON MENCIÓN CONTADOR PÚBLICO AUTORIZADO C.P.A.,1,Tercer Nivel,2
84,CIENCIAS AMBIENTALES Y ECODESARROLLO,9,Tercer Nivel,2
85,CIENCIAS BIOLÓGICAS,4,Tercer Nivel,2
86,CIENCIAS DE LA COMPUTACIÓN,10,Tercer Nivel,2
87,CIENCIAS DE LA COMUNICACIÓN,5,Tercer Nivel,2
88,CIENCIAS DE LA COMUNICACIÓN MENCIÓN COMUNICACIÓN ORGANIZACIONAL Y RELACIONES PUBLICAS,5,Tercer Nivel,2
89,CIENCIAS DE LA COMUNICACIÓN MENCIÓN PUBLICIDAD Y MERCADOTECNIA,5,Tercer Nivel,2
90,CIENCIAS DE LA EDUCACIÓN MENCIÓN CULTURA FÍSICA,6,Tercer Nivel,2
91,CIENCIAS DE LA EDUCACIÓN MENCIÓN EDUCACIÓN BÁSICA,6,Tercer Nivel,2
92,CIENCIAS DE LA EDUCACIÓN MENCIÓN EDUCACIÓN INFANTIL,6,Tercer Nivel,2
93,CIENCIAS DE LA EDUCACIÓN MENCIÓN EDUCACIÓN INICIAL Y PARVULARIA,6,Tercer Nivel,2
94,CIENCIAS DE LA EDUCACIÓN MENCIÓN EDUCACIÓN PARVULARIA,6,Tercer Nivel,2
95,CIENCIAS DE LA EDUCACIÓN MENCIÓN FÍSICA Y MATEMÁTICA,6,Tercer Nivel,2
96,CIENCIAS DE LA EDUCACIÓN MENCIÓN INGLES,6,Tercer Nivel,2
97,CIENCIAS DE LA EDUCACIÓN MENCIÓN LENGUA Y LITERATURA,6,Tercer Nivel,2
98,CIENCIAS DE LA EDUCACIÓN MENCIÓN QUÍMICA Y BIOLOGÍA,6,Tercer Nivel,2
99,CIENCIAS DE LA INFORMACIÓN Y COMUNICACIÓN SOCIAL,5,Tercer Nivel,2
100,CIENCIAS ECONÓMICAS,5,Tercer Nivel,2
101,CIENCIAS EMPRESARIALES,1,Tercer Nivel,2
102,CIENCIAS GASTRONÓMICAS,9,Tercer Nivel,2
103,CIENCIAS GEOGRÁFICAS Y MEDIO AMBIENTE,4,Tercer Nivel,2
104,CIENCIAS GEOGRÁFICAS Y PLANIFICACIÓN TERRITORIAL,4,Tercer Nivel,2
105,CIENCIAS JURÍDICAS,1,Tercer Nivel,2
106,CIENCIAS MEDICAS,8,Tercer Nivel,2
107,CIENCIAS POLÍTICAS,5,Tercer Nivel,2
108,CIENCIAS POLÍTICAS CON MENCIÓN EN COMUNICACIÓN POLÍTICA,5,Tercer Nivel,2
109,CIENCIAS POLÍTICAS CON MENCIÓN EN GESTIÓN SOCIAL Y DESARROLLO,5,Tercer Nivel,2
110,CIENCIAS POLÍTICAS CON MENCIÓN EN PERIODISMO,5,Tercer Nivel,2
111,CIENCIAS POLÍTICAS Y RELACIONES INTERNACIONALES,5,Tercer Nivel,2
112,CIENCIAS PSICOLÓGICAS,5,Tercer Nivel,2
113,CIENCIAS QUÍMICAS,4,Tercer Nivel,2
114,CIENCIAS QUÍMICAS CON MENCIÓN EN QUÍMICA ANALÍTICA,4,Tercer Nivel,2
115,CINE,3,Tercer Nivel,2
116,CINE Y ARTES ESCÉNICAS,3,Tercer Nivel,2
117,CINE Y AUDIOVISUALES,3,Tercer Nivel,2
118,COMERCIO,1,Tercer Nivel,2
119,COMERCIO CON MENCIÓN EN ADMINISTRACIÓN DE EMPRESAS,1,Tercer Nivel,2
120,COMERCIO CON MENCIÓN EN FINANZAS,1,Tercer Nivel,2
121,COMERCIO ELECTRÓNICO,10,Tercer Nivel,2
122,COMERCIO EN NEGOCIOS INTERNACIONALES,1,Tercer Nivel,2
123,COMERCIO EXTERIOR,1,Tercer Nivel,2
124,COMERCIO EXTERIOR INTEGRACIÓN Y ADUANAS,1,Tercer Nivel,2
125,COMERCIO EXTERIOR Y FINANZAS,1,Tercer Nivel,2
126,COMERCIO EXTERIOR Y NEGOCIACIÓN INTERNACIONAL,1,Tercer Nivel,2
127,COMERCIO EXTERIOR Y NEGOCIOS INTERNACIONALES,1,Tercer Nivel,2
128,COMERCIO INTERNACIONAL,1,Tercer Nivel,2
129,COMERCIO Y FINANZAS INTERNACIONALES,1,Tercer Nivel,2
130,COMERCIO Y MARKETING,1,Tercer Nivel,2
131,COMPUTACIÓN,10,Tercer Nivel,2
132,COMUNICACIÓN,5,Tercer Nivel,2
133,COMUNICACIÓN AMBIENTAL,5,Tercer Nivel,2
134,COMUNICACIÓN AUDIOVISUAL,5,Tercer Nivel,2
135,COMUNICACIÓN AUDIOVISUAL Y MULTIMEDIA,5,Tercer Nivel,2
136,COMUNICACIÓN CON MENCIÓN EN COMUNICACIÓN ORGANIZACIONAL,5,Tercer Nivel,2
137,COMUNICACIÓN CON MENCIÓN EN COMUNICACIÓN Y LITERATURA,3,Tercer Nivel,2
138,COMUNICACIÓN CON MENCIÓN EN PERIODISMO PARA PRENSA RADIO Y TELEVISIÓN,5,Tercer Nivel,2
139,COMUNICACIÓN CORPORATIVA,5,Tercer Nivel,2
140,COMUNICACIÓN ESCÉNICA,5,Tercer Nivel,2
141,COMUNICACIÓN ORGANIZACIONAL,5,Tercer Nivel,2
142,COMUNICACIÓN SOCIAL,5,Tercer Nivel,2
143,COMUNICACIÓN SOCIAL CON MENCIÓN EN DESARROLLO,5,Tercer Nivel,2
144,COMUNICACIÓN SOCIAL CON MENCIÓN EN MARKETING Y GESTIÓN EMPRESARIAL,5,Tercer Nivel,2
145,COMUNICACIÓN SOCIAL CON MENCIÓN EN REDACCIÓN Y CREATIVIDAD ESTRATÉGICA,5,Tercer Nivel,2
146,COMUNICACIÓN SOCIAL CON MENCIÓN EN RELACIONES PUBLICAS Y COMUNICACIÓN ORGANIZACIONAL,5,Tercer Nivel,2
147,COMUNICACIÓN SOCIAL EN COMUNICACIÓN ORGANIZACIONAL Y RELACIONES PUBLICAS,5,Tercer Nivel,2
148,COMUNICACIÓN SOCIAL EN PERIODISMO,5,Tercer Nivel,2
149,COMUNICACIÓN SOCIAL EN PUBLICIDAD Y DISEÑO GRAFICO,5,Tercer Nivel,2
150,CONTABILIDAD,1,Tercer Nivel,2
151,CONTABILIDAD SUPERIOR,1,Tercer Nivel,2
152,CONTABILIDAD SUPERIOR Y AUDITORIA CPA,1,Tercer Nivel,2
153,CONTABILIDAD Y AUDITORIA,1,Tercer Nivel,2
154,CONTABILIDAD Y AUDITORÍA CP,1,Tercer Nivel,2
155,CONTABILIDAD Y AUDITORÍA CPA,1,Tercer Nivel,2
156,CONTADURÍA PÚBLICA AUTORIZADA,1,Tercer Nivel,2
157,CONTADURÍA PÚBLICA E INGENIERÍA EN CONTABILIDAD Y AUDITORIA,1,Tercer Nivel,2
158,CONTADURÍA PÚBLICA Y AUDITORIA,1,Tercer Nivel,2
159,CONTADURÍA PÚBLICA Y AUDITORIA CPA,1,Tercer Nivel,2
160,CONTADURÍA PÚBLICA Y CONTABILIDAD Y AUDITORIA,1,Tercer Nivel,2
161,COSMIATRÍA TERAPIAS HOLÍSTICAS E IMAGEN INTEGRAL,3,Tercer Nivel,2
162,CREACIÓN TEATRAL,3,Tercer Nivel,2
163,CULTURA FÍSICA,6,Tercer Nivel,2
164,DANZA,3,Tercer Nivel,2
165,DANZA - TEATRO,3,Tercer Nivel,2
166,DERECHO,1,Tercer Nivel,2
167,DERECHO ÉNFASIS DERECHOS HUMANOS Y CIENCIAS PENALES,1,Tercer Nivel,2
168,DERECHO ÉNFASIS GOBERNABILIDAD Y GERENCIA POLÍTICA,1,Tercer Nivel,2
169,DERECHO ÉNFASIS LEGISLACIÓN DE RECURSOS NATURALES Y MEDIO AMBIENTE,1,Tercer Nivel,2
170,DERECHO ÉNFASIS LEGISLACIÓN EMPRESARIAL Y TRIBUTARIA,1,Tercer Nivel,2
171,DESARROLLO SOCIAL Y CULTURAL,5,Tercer Nivel,2
172,DIETÉTICA Y NUTRICIÓN,8,Tercer Nivel,2
173,DIPLOMACIA Y RELACIONES INTERNACIONALES,5,Tercer Nivel,2
174,DISEÑO,3,Tercer Nivel,2
175,DISEÑO COMUNICACIONAL,3,Tercer Nivel,2
176,DISEÑO DE ESPACIOS ARQUITECTÓNICOS,3,Tercer Nivel,2
177,DISEÑO DE INTERIORES,3,Tercer Nivel,2
178,DISEÑO DE MODAS,3,Tercer Nivel,2
179,DISEÑO DE OBJETOS,3,Tercer Nivel,2
180,DISEÑO DE PRODUCTOS,3,Tercer Nivel,2
181,DISEÑO DE PRODUCTOS Y CONTROL DE PROCESOS,3,Tercer Nivel,2
182,DISEÑO DIGITAL Y MULTIMEDIA,10,Tercer Nivel,2
183,DISEÑO GRAFICO,3,Tercer Nivel,2
184,DISEÑO GRÁFICO COMPUTARIZADO,3,Tercer Nivel,2
185,DISEÑO GRÁFICO INDUSTRIAL,3,Tercer Nivel,2
186,DISEÑO GRÁFICO PUBLICITARIO,3,Tercer Nivel,2
187,DISEÑO GRÁFICO Y COMUNICACIÓN VISUAL,3,Tercer Nivel,2
188,DISEÑO GRÁFICO Y CONTROL DE PROCESOS,3,Tercer Nivel,2
189,DISEÑO GRÁFICO Y MULTIMEDIA,3,Tercer Nivel,2
190,DISEÑO PROFESIONAL CON MENCIÓN EN DISEÑO DE PRODUCTOS,3,Tercer Nivel,2
191,DISEÑO PROFESIONAL CON MENCIÓN EN DISEÑO GRÁFICO Y COMUNICACIÓN VISUAL,3,Tercer Nivel,2
192,DISEÑO TEXTIL E INDUMENTARIA,3,Tercer Nivel,2
193,ECOLOGÍA APLICADA,9,Tercer Nivel,2
194,ECONOMÍA,5,Tercer Nivel,2
195,ECONOMÍA AGRÍCOLA,5,Tercer Nivel,2
196,ECONOMÍA AGROPECUARIA,5,Tercer Nivel,2
197,ECONOMÍA CON MENCIÓN EN ECONOMÍA INTERNACIONAL Y GESTIÓN DE COMERCIO EXTERIOR,5,Tercer Nivel,2
198,ECONOMÍA ÉNFASIS ECONOMÍA EMPRESARIAL,5,Tercer Nivel,2
199,ECONOMÍA MENCIÓN ECONOMÍA EMPRESARIAL Y NEGOCIOS,5,Tercer Nivel,2
200,ECONOMÍA MENCIÓN EN GESTIÓN EMPRESARIAL,5,Tercer Nivel,2
201,ECONOMÍA Y FINANZAS,5,Tercer Nivel,2
202,ECOSISTEMAS,4,Tercer Nivel,2
203,ECOTURISMO,9,Tercer Nivel,2
204,EDUCACIÓN,6,Tercer Nivel,2
205,EDUCACIÓN BÁSICA,6,Tercer Nivel,2
206,EDUCACIÓN ESPECIAL,6,Tercer Nivel,2
207,EDUCACIÓN INICIAL,6,Tercer Nivel,2
208,EDUCACIÓN INICIAL BILINGÜE CON MENCIÓN EN GESTIÓN Y ADMINISTRACIÓN DE CENTROS INFANTILES,6,Tercer Nivel,2
209,EDUCACIÓN INTERCULTURAL BILINGÜE,6,Tercer Nivel,2
210,EDUCACIÓN PRIMARIA,6,Tercer Nivel,2
211,EDUCADORES DE PÁRVULOS,6,Tercer Nivel,2
212,ELECTRICIDAD,7,Tercer Nivel,2
213,ELECTRÓNICA Y AUTOMATIZACIÓN,7,Tercer Nivel,2
214,ELECTRÓNICA Y TELECOMUNICACIONES,7,Tercer Nivel,2
215,EMERGENCIAS MEDICAS,8,Tercer Nivel,2
216,EMPRENDIMIENTO,1,Tercer Nivel,2
217,EMPRESAS,1,Tercer Nivel,2
218,EMPRESAS TURÍSTICAS Y HOTELERAS,9,Tercer Nivel,2
219,EMPRESAS Y NEGOCIOS,1,Tercer Nivel,2
220,ENFERMERÍA,8,Tercer Nivel,2
221,ESTADÍSTICA,4,Tercer Nivel,2
222,ESTIMULACIÓN TEMPRANA,8,Tercer Nivel,2
223,ESTUDIOS INTERNACIONALES MENCIÓN COMERCIO EXTERIOR,5,Tercer Nivel,2
224,FILOSOFÍA,3,Tercer Nivel,2
225,FILOSOFÍA Y PEDAGOGÍA,3,Tercer Nivel,2
226,FINANZAS,1,Tercer Nivel,2
227,FINANZAS INTERNACIONALES,1,Tercer Nivel,2
228,FINANZAS Y AUDITORIA,1,Tercer Nivel,2
229,FINANZAS Y AUDITORIA CPA,1,Tercer Nivel,2
230,FINANZAS Y RELACIONES COMERCIALES,1,Tercer Nivel,2
231,FÍSICA,4,Tercer Nivel,2
232,FISIOTERAPIA,8,Tercer Nivel,2
233,FONOAUDIOLOGÍA,8,Tercer Nivel,2
234,FRANCISCANISMO,3,Tercer Nivel,2
235,GASTRONOMÍA,9,Tercer Nivel,2
236,GEOCIENCIAS,4,Tercer Nivel,2
237,GEOLOGÍA,4,Tercer Nivel,2
238,GEOLOGÍA Y MINAS,4,Tercer Nivel,2
239,GERENCIA Y LIDERAZGO,1,Tercer Nivel,2
240,GESTIÓN ADMINISTRATIVA,1,Tercer Nivel,2
241,GESTIÓN AMBIENTAL,1,Tercer Nivel,2
242,GESTIÓN CULTURAL Y TURISMO,1,Tercer Nivel,2
243,GESTIÓN DE EMPRESAS TURÍSTICAS Y HOTELERAS,1,Tercer Nivel,2
244,GESTIÓN DE RECURSOS HUMANOS,1,Tercer Nivel,2
245,GESTIÓN DE RIESGOS Y EMERGENCIAS,1,Tercer Nivel,2
246,GESTIÓN DE TELECOMUNICACIONES,1,Tercer Nivel,2
247,GESTIÓN DEL TRANSPORTE,9,Tercer Nivel,2
248,GESTIÓN EMPRESARIAL,1,Tercer Nivel,2
249,GESTIÓN EMPRESARIAL INTERNACIONAL,1,Tercer Nivel,2
250,GESTIÓN EMPRESARIAL MENCIÓN FINANZAS Y AUDITORIA,1,Tercer Nivel,2
251,GESTIÓN EMPRESARIAL MENCIÓN MARKETING Y VENTAS,1,Tercer Nivel,2
252,GESTIÓN GRAFICA PUBLICITARIA,3,Tercer Nivel,2
253,GESTIÓN HOTELERA,9,Tercer Nivel,2
254,GESTIÓN HOTELERA Y TURÍSTICA,1,Tercer Nivel,2
255,GESTIÓN PARA EL DESARROLLO LOCAL SOSTENIBLE,5,Tercer Nivel,2
256,GESTIÓN SOCIAL,5,Tercer Nivel,2
257,GESTIÓN SOCIAL Y DESARROLLO,5,Tercer Nivel,2
258,GESTIÓN TECNOLÓGICA,1,Tercer Nivel,2
259,GESTIÓN TURÍSTICA Y HOTELERA,1,Tercer Nivel,2
260,GESTIÓN TURÍSTICA Y MEDIO AMBIENTE,1,Tercer Nivel,2
261,GESTIÓN Y DESARROLLO TURÍSTICO,1,Tercer Nivel,2
262,GESTIÓN Y NEGOCIOS INTERNACIONALES,1,Tercer Nivel,2
263,HISTORIA,3,Tercer Nivel,2
264,HISTORIA DEL ARTE,3,Tercer Nivel,2
265,HISTORIA Y GEOGRAFÍA,6,Tercer Nivel,2
266,HOSPITALIDAD Y HOTELERÍA,9,Tercer Nivel,2
267,HOTELERÍA,9,Tercer Nivel,2
268,HOTELERÍA Y TURISMO,9,Tercer Nivel,2
269,ILUSTRACIÓN Y ANIMACIÓN DIGITAL,3,Tercer Nivel,2
270,IMAGENOLOGÍA,8,Tercer Nivel,2
271,INFORMÁTICA,10,Tercer Nivel,2
272,INGENIERÍA ACUÍCOLA,2,Tercer Nivel,2
273,INGENIERÍA AGRÍCOLA,2,Tercer Nivel,2
274,INGENIERÍA AGRÍCOLA MENCIÓN AGROINDUSTRIAL,2,Tercer Nivel,2
275,INGENIERÍA AGRÍCOLA Y BIOLÓGICA,2,Tercer Nivel,2
276,INGENIERÍA AGROINDUSTRIAL,2,Tercer Nivel,2
277,INGENIERÍA AGROINDUSTRIAL Y DE ALIMENTOS,2,Tercer Nivel,2
278,INGENIERÍA AGRONÓMICA,2,Tercer Nivel,2
279,INGENIERÍA AGROPECUARIA,2,Tercer Nivel,2
280,INGENIERÍA AMBIENTAL,7,Tercer Nivel,2
281,INGENIERÍA AMBIENTAL PREVENCIÓN Y REMEDIACIÓN,9,Tercer Nivel,2
282,INGENIERÍA AMBIENTAL Y MANEJO DE RIESGOS NATURALES,9,Tercer Nivel,2
283,INGENIERÍA AUTOMOTRIZ,7,Tercer Nivel,2
284,INGENIERÍA BIOMOLECULAR Y BIOCOMBUSTIBLES,4,Tercer Nivel,2
285,INGENIERÍA BIOQUÍMICA,7,Tercer Nivel,2
286,INGENIERÍA CIVIL,7,Tercer Nivel,2
287,INGENIERÍA CIVIL Y GERENCIA DE CONSTRUCCIONES,7,Tercer Nivel,2
288,INGENIERÍA COMERCIAL CON MENCIÓN EN ADMINISTRACIÓN DE EMPRESAS,1,Tercer Nivel,2
289,INGENIERÍA DE ALIMENTOS,7,Tercer Nivel,2
290,INGENIERÍA DE LA PRODUCCIÓN,7,Tercer Nivel,2
291,INGENIERÍA DE LA PRODUCCIÓN Y OPERACIONES,7,Tercer Nivel,2
292,INGENIERÍA DE MEDIO AMBIENTE,9,Tercer Nivel,2
293,INGENIERÍA DE MINAS,4,Tercer Nivel,2
294,INGENIERÍA DE PETRÓLEOS,7,Tercer Nivel,2
295,INGENIERÍA DE SISTEMAS,10,Tercer Nivel,2
296,INGENIERÍA DE SISTEMAS Y COMPUTACIÓN,10,Tercer Nivel,2
297,INGENIERÍA DE SONIDO Y ACÚSTICA,3,Tercer Nivel,2
298,INGENIERÍA ELÉCTRICA,7,Tercer Nivel,2
299,INGENIERÍA ELECTROMECÁNICA,7,Tercer Nivel,2
300,INGENIERÍA ELECTRÓNICA,7,Tercer Nivel,2
301,INGENIERÍA ELECTRÓNICA EN CONTROL Y AUTOMATISMO,7,Tercer Nivel,2
302,INGENIERÍA ELECTRÓNICA Y REDES DE INFORMACIÓN,10,Tercer Nivel,2
303,INGENIERÍA EN ADMINISTRACIÓN DE BOTICAS Y FARMACIAS,1,Tercer Nivel,2
304,INGENIERÍA EN AGRONEGOCIOS AVALÚOS Y CATASTROS,1,Tercer Nivel,2
305,INGENIERÍA EN ALIMENTOS,7,Tercer Nivel,2
306,INGENIERÍA EN CIENCIAS DEL AGUA,4,Tercer Nivel,2
307,INGENIERÍA EN CIENCIAS ECONÓMICAS Y FINANCIERAS,5,Tercer Nivel,2
308,INGENIERÍA EN COMPUTACIÓN GRAFICA,10,Tercer Nivel,2
309,INGENIERÍA EN COMPUTACIÓN Y REDES,10,Tercer Nivel,2
310,INGENIERÍA EN CONTABILIDAD Y AUDITORÍA-CPA,1,Tercer Nivel,2
311,INGENIERÍA EN DISEÑO INDUSTRIAL,7,Tercer Nivel,2
312,INGENIERÍA EN ELECTRICIDAD,7,Tercer Nivel,2
313,INGENIERÍA EN ELÉCTRICO MECÁNICA,7,Tercer Nivel,2
314,INGENIERÍA EN ELECTROMECÁNICA,7,Tercer Nivel,2
315,INGENIERÍA EN ELECTRÓNICA AUTOMATIZACIÓN Y CONTROL,7,Tercer Nivel,2
316,INGENIERÍA EN ELECTRÓNICA E INSTRUMENTACIÓN,7,Tercer Nivel,2
317,INGENIERÍA EN ELECTRÓNICA Y TELECOMUNICACIONES,7,Tercer Nivel,2
318,INGENIERÍA EN GEOLOGÍA,4,Tercer Nivel,2
319,INGENIERÍA EN GEOLOGÍA AMBIENTAL Y ORDENAMIENTO TERRITORIAL,7,Tercer Nivel,2
320,INGENIERÍA EN GESTIÓN DE PROCESOS,1,Tercer Nivel,2
321,INGENIERÍA EN INDUSTRIAS PECUARIAS,2,Tercer Nivel,2
322,INGENIERÍA EN INFORMÁTICA,10,Tercer Nivel,2
323,INGENIERÍA EN INFORMÁTICA AGROPECUARIA,10,Tercer Nivel,2
324,INGENIERÍA EN INFORMÁTICA Y MULTIMEDIA,10,Tercer Nivel,2
325,INGENIERÍA EN INFORMÁTICA Y SISTEMAS COMPUTACIONALES,10,Tercer Nivel,2
326,INGENIERÍA EN MANEJO Y CONSERVACIÓN DEL AMBIENTE,9,Tercer Nivel,2
327,INGENIERÍA EN MANEJO Y CONSERVACIÓN DEL MEDIO AMBIENTE,9,Tercer Nivel,2
328,INGENIERÍA EN MANTENIMIENTO AUTOMOTRIZ,7,Tercer Nivel,2
329,INGENIERÍA EN MANTENIMIENTO ELÉCTRICO,7,Tercer Nivel,2
330,INGENIERÍA EN MECÁNICA AUTOMOTRIZ,7,Tercer Nivel,2
331,INGENIERÍA EN MECÁNICA NAVAL,7,Tercer Nivel,2
332,INGENIERÍA EN MECATRÓNICA,10,Tercer Nivel,2
333,INGENIERÍA EN MINAS,4,Tercer Nivel,2
334,INGENIERÍA EN NETWORKING,10,Tercer Nivel,2
335,INGENIERÍA EN OPTOMETRÍA,8,Tercer Nivel,2
336,INGENIERÍA EN PETRÓLEO,7,Tercer Nivel,2
337,INGENIERÍA EN PETROQUÍMICA,7,Tercer Nivel,2
338,INGENIERÍA EN PRODUCCIÓN EDUCACIÓN Y EXTENSIÓN AGROPECUARIA,2,Tercer Nivel,2
339,INGENIERÍA EN PRODUCCIÓN INDUSTRIAL,7,Tercer Nivel,2
340,INGENIERÍA EN RECURSOS NATURALES RENOVABLES,9,Tercer Nivel,2
341,INGENIERÍA EN RECURSOS NATURALES Y AMBIENTALES,9,Tercer Nivel,2
342,INGENIERÍA EN REDES Y TELECOMUNICACIONES,7,Tercer Nivel,2
343,INGENIERÍA EN SEGURIDAD INDUSTRIAL Y SALUD OCUPACIONAL,7,Tercer Nivel,2
344,INGENIERÍA EN SEGURIDAD Y SALUD OCUPACIONAL,9,Tercer Nivel,2
345,INGENIERÍA EN SISTEMAS,10,Tercer Nivel,2
346,INGENIERÍA EN SISTEMAS ADMINISTRATIVOS COMPUTARIZADOS,1,Tercer Nivel,2
347,INGENIERÍA EN SISTEMAS COMPUTACIONALES,10,Tercer Nivel,2
348,INGENIERÍA EN SISTEMAS COMPUTACIONALES E INFORMÁTICOS,10,Tercer Nivel,2
349,INGENIERÍA EN SISTEMAS DE CALIDAD Y EMPRENDIMIENTO,10,Tercer Nivel,2
350,INGENIERÍA EN SISTEMAS DE COMPUTACIÓN E INFORMÁTICA,10,Tercer Nivel,2
351,INGENIERÍA EN SISTEMAS ÉNFASIS ADMINISTRACIÓN DE REDES,10,Tercer Nivel,2
352,INGENIERÍA EN SISTEMAS ÉNFASIS SISTEMAS,10,Tercer Nivel,2
353,INGENIERÍA EN SISTEMAS INFORMÁTICOS,10,Tercer Nivel,2
354,INGENIERÍA EN SISTEMAS MENCIÓN ADMINISTRACIÓN DE NUEVAS TECNOLOGÍAS,10,Tercer Nivel,2
355,INGENIERÍA EN SISTEMAS Y COMPUTACIÓN,10,Tercer Nivel,2
356,INGENIERÍA EN SOFTWARE,10,Tercer Nivel,2
357,INGENIERÍA EN TELECOMUNICACIONES,7,Tercer Nivel,2
358,INGENIERÍA EN TELEINFORMÁTICA,10,Tercer Nivel,2
359,INGENIERÍA EN TELEMÁTICA,10,Tercer Nivel,2
360,INGENIERÍA EN TURISMO Y HOTELERÍA,9,Tercer Nivel,2
361,INGENIERÍA EN ZOOTECNIA,2,Tercer Nivel,2
362,INGENIERÍA ESTADÍSTICA,4,Tercer Nivel,2
363,INGENIERÍA FORESTAL,2,Tercer Nivel,2
364,INGENIERÍA GEOGRÁFICA Y DEL MEDIO AMBIENTE,4,Tercer Nivel,2
365,INGENIERÍA GEOLÓGICA,4,Tercer Nivel,2
366,INGENIERÍA HIDRÁULICA,7,Tercer Nivel,2
367,INGENIERÍA INDUSTRIAL,7,Tercer Nivel,2
368,INGENIERÍA INDUSTRIAL Y DE PROCESOS,7,Tercer Nivel,2
369,INGENIERÍA INFORMÁTICA Y CIENCIAS DE LA COMPUTACIÓN,10,Tercer Nivel,2
370,INGENIERÍA MATEMÁTICA,4,Tercer Nivel,2
371,INGENIERÍA MECÁNICA,7,Tercer Nivel,2
372,INGENIERÍA MECÁNICA AUTOMOTRIZ.,7,Tercer Nivel,2
373,INGENIERÍA MECÁNICA EN DISEÑO Y MATERIALES,7,Tercer Nivel,2
374,INGENIERÍA MECÁNICA EN ENERGÍA Y CONTROL,7,Tercer Nivel,2
375,INGENIERÍA MECATRÓNICA,10,Tercer Nivel,2
376,INGENIERÍA NAVAL,7,Tercer Nivel,2
377,INGENIERÍA QUÍMICA,4,Tercer Nivel,2
378,INGENIERÍA QUÍMICA INDUSTRIAL,7,Tercer Nivel,2
379,INGENIERÍA ZOOTÉCNICA,2,Tercer Nivel,2
380,INTERACTIVIDAD MULTIMEDIA,10,Tercer Nivel,2
381,JURISPRUDENCIA,1,Tercer Nivel,2
382,LABORATORIO CLÍNICO,8,Tercer Nivel,2
383,LABORATORIO CLÍNICO E HISTOPATOLÓGICO,8,Tercer Nivel,2
384,LABORATORIO CLÍNICO E HISTOTECNOLÓGICO,8,Tercer Nivel,2
385,LENGUA Y LITERATURA INGLESA O FRANCESA O ITALIANA O ALEMANA,6,Tercer Nivel,2
386,LICENCIATURA EN ADMINISTRACIÓN DE LA ALTA COCINA,1,Tercer Nivel,2
387,LICENCIATURA EN ARTE TEATRAL,3,Tercer Nivel,2
388,LICENCIATURA EN ARTES PLASTICAS,3,Tercer Nivel,2
389,LICENCIATURA EN ASISTENCIA EJECUTIVA DE GERENCIA,1,Tercer Nivel,2
390,LICENCIATURA EN CIENCIAS DE LA COMUNICACIÓN SOCIAL,5,Tercer Nivel,2
391,LICENCIATURA EN CIENCIAS DE LA EDUCACIÓN MENCIÓN CULTURA FÍSICA,6,Tercer Nivel,2
392,LICENCIATURA EN CIENCIAS DE LA EDUCACIÓN MENCIÓN EDUCACIÓN INICIAL,6,Tercer Nivel,2
393,LICENCIATURA EN CIENCIAS MILITARES,1,Tercer Nivel,2
394,LICENCIATURA EN CIENCIAS POLICIALES Y SEGURIDAD CIUDADANA,5,Tercer Nivel,2
395,LICENCIATURA EN COMUNICACIÓN ÉNFASIS COMUNICACIÓN EMPRESARIAL,5,Tercer Nivel,2
396,LICENCIATURA EN COMUNICACIÓN ÉNFASIS PUBLICIDAD,5,Tercer Nivel,2
397,LICENCIATURA EN COMUNICACIÓN ÉNFASIS RELACIONES PUBLICAS,5,Tercer Nivel,2
398,LICENCIATURA EN COMUNICACIÓN SOCIAL,5,Tercer Nivel,2
399,LICENCIATURA EN CULTURA TRADICIONAL DE LA SALUD,8,Tercer Nivel,2
400,LICENCIATURA EN DESARROLLO DEL TALENTO INFANTIL,5,Tercer Nivel,2
401,LICENCIATURA EN DISEÑO DE INTERIORES,3,Tercer Nivel,2
402,LICENCIATURA EN DISEÑO GRAFICO,3,Tercer Nivel,2
403,LICENCIATURA EN DISEÑO GRÁFICO Y PUBLICIDAD,3,Tercer Nivel,2
404,LICENCIATURA EN DISEÑO WEB Y APLICACIONES MULTIMEDIA,3,Tercer Nivel,2
405,LICENCIATURA EN DISEÑO Y PRODUCCIÓN DE VESTUARIO,3,Tercer Nivel,2
406,LICENCIATURA EN DISEÑO Y PUBLICIDAD,3,Tercer Nivel,2
407,LICENCIATURA EN ECOLOGÍA MARINA,2,Tercer Nivel,2
408,LICENCIATURA EN ENFERMERÍA,8,Tercer Nivel,2
409,LICENCIATURA EN FILOSOFÍA,3,Tercer Nivel,2
410,LICENCIATURA EN FRANCISCANISMO,3,Tercer Nivel,2
411,LICENCIATURA EN GÉNERO Y DESARROLLO,5,Tercer Nivel,2
412,LICENCIATURA EN GESTIÓN EMPRESARIAL,1,Tercer Nivel,2
413,LICENCIATURA EN GOBERNABILIDAD Y TERRITORIALIDAD EN ORGANISMOS SECCIONALES,5,Tercer Nivel,2
414,LICENCIATURA EN GUÍA DE TURISMO NACIONAL,9,Tercer Nivel,2
415,LICENCIATURA EN INSTRUMENTO PRINCIPAL,3,Tercer Nivel,2
416,LICENCIATURA EN NUTRICIÓN,8,Tercer Nivel,2
417,LICENCIATURA EN NUTRICIÓN HUMANA,8,Tercer Nivel,2
418,LICENCIATURA EN NUTRICIÓN Y SALUD COMUNITARIA,8,Tercer Nivel,2
419,LICENCIATURA EN PROMOCIÓN Y CUIDADOS DE LA SALUD,8,Tercer Nivel,2
420,LICENCIATURA EN PSICOLOGÍA EDUCATIVA ORIENTACIÓN VOCACIONAL Y FAMILIAR,5,Tercer Nivel,2
421,LICENCIATURA EN REDES Y SISTEMAS OPERATIVOS,10,Tercer Nivel,2
422,LICENCIATURA EN SECRETARIADO EJECUTIVO EN ESPAÑOL,1,Tercer Nivel,2
423,LICENCIATURA EN SISTEMAS DE INFORMACIÓN,10,Tercer Nivel,2
424,LICENCIATURA EN TEOLOGÍA,3,Tercer Nivel,2
425,LICENCIATURA EN TERAPIA FÍSICA MEDICA,8,Tercer Nivel,2
426,LICENCIATURA EN TERAPIA RESPIRATORIA,8,Tercer Nivel,2
427,LICENCIATURA EN TURISMO,9,Tercer Nivel,2
428,LINGÜÍSTICA APLICADA CON MENCIÓN EN TRADUCCIÓN,3,Tercer Nivel,2
429,LITERATURA,3,Tercer Nivel,2
430,LITERATURA Y ESPAÑOL,6,Tercer Nivel,2
431,LOGÍSTICA Y TRANSPORTE,4,Tercer Nivel,2
432,MANTENIMIENTO INDUSTRIAL,7,Tercer Nivel,2
433,MARKETING,1,Tercer Nivel,2
434,MARKETING Y NEGOCIACIÓN COMERCIAL,1,Tercer Nivel,2
435,MARKETING Y PUBLICIDAD,1,Tercer Nivel,2
436,MATEMÁTICA,4,Tercer Nivel,2
437,MATERIALES,7,Tercer Nivel,2
438,MECÁNICA,7,Tercer Nivel,2
439,MECATRÓNICA,7,Tercer Nivel,2
440,MEDICINA,8,Tercer Nivel,2
441,MEDICINA HUMANA,8,Tercer Nivel,2
442,MEDICINA VETERINARIA,2,Tercer Nivel,2
443,MEDICINA VETERINARIA Y ZOOTECNIA,2,Tercer Nivel,2
444,MEDICINA Y CIRUGÍA,8,Tercer Nivel,2
445,MERCADOTECNIA,1,Tercer Nivel,2
446,MICROBIOLOGÍA,4,Tercer Nivel,2
447,MINAS,7,Tercer Nivel,2
448,MULTILINGÜE EN NEGOCIOS Y RELACIONES INTERNACIONALES,3,Tercer Nivel,2
449,MULTIMEDIA Y PRODUCCIÓN AUDIOVISUAL MENCIÓN ANIMACIÓN INTERACTIVA,3,Tercer Nivel,2
450,MULTIMEDIA Y PRODUCCIÓN AUDIOVISUAL MENCIÓN PRODUCCIÓN AUDIOVISUAL,3,Tercer Nivel,2
451,MULTIMEDIA Y PRODUCCIÓN AUDIOVISUAL MENCIÓN PRODUCCIÓN AUDIOVISUAL Y ANIMACIÓN INTERACTIVA,3,Tercer Nivel,2
452,MÚSICA,3,Tercer Nivel,2
453,NANOTECNOLOGÍA,7,Tercer Nivel,2
454,NEGOCIOS INTERNACIONALES,1,Tercer Nivel,2
455,NEGOCIOS Y MARKETING DEPORTIVO,1,Tercer Nivel,2
456,NUTRICIÓN DIETÉTICA Y ESTÉTICA,8,Tercer Nivel,2
457,NUTRICIÓN HUMANA,8,Tercer Nivel,2
458,NUTRICIÓN Y DIETÉTICA,8,Tercer Nivel,2
459,NUTRIOLOGÍA,8,Tercer Nivel,2
460,OBSTETRICIA,8,Tercer Nivel,2
461,OCEANOGRAFÍA,4,Tercer Nivel,2
462,ODONTOLOGÍA,8,Tercer Nivel,2
463,OPTOMETRÍA,8,Tercer Nivel,2
464,ORGANIZACIÓN DE EMPRESAS,1,Tercer Nivel,2
465,ORIENTACIÓN FAMILIAR,8,Tercer Nivel,2
466,PECUARIA,2,Tercer Nivel,2
467,PEDAGOGÍA,6,Tercer Nivel,2
468,PEDAGOGÍA DE LA ACTIVIDAD FÍSICA Y DEPORTE,6,Tercer Nivel,2
469,PEDAGOGÍA DE LA HISTORIA Y LAS CIENCIAS SOCIALES,6,Tercer Nivel,2
470,PEDAGOGÍA DE LA LENGUA Y LA LITERATURA,6,Tercer Nivel,2
471,PEDAGOGÍA DE LAS ARTES Y LAS HUMANIDADES,6,Tercer Nivel,2
472,PEDAGOGÍA DE LAS CIENCIAS EXPERIMENTALES,6,Tercer Nivel,2
473,PEDAGOGÍA DE LOS IDIOMAS NACIONALES Y EXTRANJEROS,6,Tercer Nivel,2
474,PEDAGOGÍA EN CIENCIAS EXPERIMENTALES,6,Tercer Nivel,2
475,PEDAGOGÍA MUSICAL,6,Tercer Nivel,2
476,PERIODISMO,5,Tercer Nivel,2
477,PERIODISMO CON MENCIÓN EN CIENCIAS POLÍTICAS,5,Tercer Nivel,2
478,PERIODISMO DEPORTIVO,5,Tercer Nivel,2
479,PERIODISMO INTERNACIONAL,5,Tercer Nivel,2
480,PETRÓLEOS,7,Tercer Nivel,2
481,PETROQUÍMICA,7,Tercer Nivel,2
482,PLANIFICACIÓN TURÍSTICA ÉNFASIS OPERACIÓN TURÍSTICA,1,Tercer Nivel,2
483,POLÍMEROS,7,Tercer Nivel,2
484,POLÍTICA,5,Tercer Nivel,2
485,PRODUCCIÓN DE TELEVISIÓN Y MULTIMEDIA,3,Tercer Nivel,2
486,PRODUCCIÓN MUSICAL,3,Tercer Nivel,2
487,PRODUCCIÓN PARA MEDIOS DE COMUNICACIÓN,3,Tercer Nivel,2
488,PRODUCCIÓN Y DIRECCIÓN EN ARTES AUDIOVISUALES,5,Tercer Nivel,2
489,PRODUCCIÓN Y DIRECCIÓN EN ARTES MULTIMEDIA,3,Tercer Nivel,2
490,PSICOLOGÍA,5,Tercer Nivel,2
491,PSICOLOGÍA CLÍNICA,5,Tercer Nivel,2
492,PSICOLOGÍA DEL TRABAJO,5,Tercer Nivel,2
493,PSICOLOGÍA EDUCATIVA,5,Tercer Nivel,2
494,PSICOLOGÍA EDUCATIVA TERAPÉUTICA,5,Tercer Nivel,2
495,PSICOLOGÍA EDUCATIVA Y ORIENTACIÓN,5,Tercer Nivel,2
496,PSICOLOGÍA INDUSTRIAL,5,Tercer Nivel,2
497,PSICOLOGÍA INFANTIL Y EDUCACIÓN PARVULARIA,5,Tercer Nivel,2
498,PSICOLOGÍA INFANTIL Y PSICORREHABILITACIÓN,5,Tercer Nivel,2
499,PSICOLOGÍA LABORAL Y EMPRESARIAL,5,Tercer Nivel,2
500,PSICOLOGÍA MENCIÓN CLÍNICO,5,Tercer Nivel,2
501,PSICOLOGÍA MENCIÓN ORGANIZACIONAL,5,Tercer Nivel,2
502,PSICOLOGÍA ORGANIZACIONAL,5,Tercer Nivel,2
503,PSICOLOGÍA SOCIAL,5,Tercer Nivel,2
504,PSICOPEDAGOGÍA,6,Tercer Nivel,2
505,PSICORREHABILITACIÓN Y EDUCACIÓN ESPECIAL,5,Tercer Nivel,2
506,PUBLICIDAD,3,Tercer Nivel,2
507,PUBLICIDAD Y GESTIÓN,3,Tercer Nivel,2
508,PUBLICIDAD Y MERCADOTECNIA,3,Tercer Nivel,2
509,QUÍMICA,4,Tercer Nivel,2
510,QUÍMICA DE ALIMENTOS,7,Tercer Nivel,2
511,QUÍMICA FARMACÉUTICA,8,Tercer Nivel,2
512,RADIOLOGÍA,8,Tercer Nivel,2
513,RADIOLOGÍA E IMAGENOLOGÍA,8,Tercer Nivel,2
514,RECURSOS NATURALES RENOVABLES,4,Tercer Nivel,2
515,RELACIONES INTERNACIONALES,5,Tercer Nivel,2
516,RELACIONES PUBLICAS,1,Tercer Nivel,2
517,RELACIONES PUBLICAS Y COMUNICACIÓN ORGANIZACIONAL,5,Tercer Nivel,2
518,RESTAURACIÓN Y MUSEOLOGÍA,3,Tercer Nivel,2
519,SECRETARIADO BILINGÜE,1,Tercer Nivel,2
520,SECRETARIADO EJECUTIVO,1,Tercer Nivel,2
521,SECRETARIADO EJECUTIVO BILINGÜE,1,Tercer Nivel,2
522,SECRETARIADO EJECUTIVO GERENCIAL,1,Tercer Nivel,2
523,SICOLOGÍA CLÍNICA,5,Tercer Nivel,2
524,SISTEMAS,10,Tercer Nivel,2
525,SISTEMAS DE INFORMACIÓN,10,Tercer Nivel,2
526,SISTEMAS DE INFORMACIÓN GERENCIAL,1,Tercer Nivel,2
527,SISTEMAS INFORMÁTICOS Y COMPUTACIÓN,10,Tercer Nivel,2
528,SISTEMAS Y COMPUTACIÓN,10,Tercer Nivel,2
529,SOCIOLOGÍA,5,Tercer Nivel,2
530,SOCIOLOGÍA CON MENCIÓN EN DESARROLLO,5,Tercer Nivel,2
531,SOCIOLOGÍA CON MENCIÓN EN POLÍTICA,5,Tercer Nivel,2
532,SOCIOLOGÍA CON MENCIÓN EN RELACIONES INTERNACIONALES,5,Tercer Nivel,2
533,SOCIOLOGÍA Y CIENCIAS POLÍTICAS,5,Tercer Nivel,2
534,SOFTWARE,10,Tercer Nivel,2
535,SONIDO Y PRODUCCIÓN MUSICAL DIGITAL,3,Tercer Nivel,2
536,TEATRO,3,Tercer Nivel,2
537,TÉCNICAS AUDIOVISUALES,3,Tercer Nivel,2
538,TECNOLOGÍAS DE LA INFORMACIÓN,10,Tercer Nivel,2
539,TELECOMUNICACIONES,7,Tercer Nivel,2
540,TELEMÁTICA,7,Tercer Nivel,2
541,TEOLOGÍA,3,Tercer Nivel,2
542,TERAPIA DE LENGUAJE,8,Tercer Nivel,2
543,TERAPIA FÍSICA,8,Tercer Nivel,2
544,TERAPIA FÍSICA Y DEPORTIVA,8,Tercer Nivel,2
545,TERAPIA OCUPACIONAL,8,Tercer Nivel,2
546,TERAPIA RESPIRATORIA,8,Tercer Nivel,2
547,TEXTILES,7,Tercer Nivel,2
548,TRABAJO SOCIAL,8,Tercer Nivel,2
549,TRABAJO SOCIAL Y DESARROLLO HUMANO,8,Tercer Nivel,2
550,TRABAJO Y SERVICIO SOCIAL,8,Tercer Nivel,2
551,TRIBUTACIÓN Y FINANZAS,1,Tercer Nivel,2
552,TURISMO,9,Tercer Nivel,2
553,TURISMO ECOLÓGICO,9,Tercer Nivel,2
554,TURISMO HISTÓRICO CULTURAL,9,Tercer Nivel,2
555,TURISMO Y HOTELERÍA,9,Tercer Nivel,2
556,ZOOTECNIA,2,Tercer Nivel,2
557,ACTIVIDAD FÍSICA,9,Maestría Profesional,3
558,AGRONEGOCIOS SOSTENIBLES,1,Maestría Profesional,3
559,ANATOMÍA PATOLÓGICA,8,Especialización,3
560,ANESTESIOLOGÍA,8,Especialización,3
561,ANESTESIOLOGÍA  REANIMACIÓN Y TERAPIA DEL DOLOR,8,Especialización,3
562,CIENCIAS SOCIALES,5,Doctorado,3